"CustomerGroupName","RangeBottom","RangeTop"
"Low","0.00000","999.99990"
"Medium","1000.00000","4999.99990"
"High","5000.00000","9999.99990"
"Very High","10000.00000","922337203685477.58070"
"Low","0.00000","999.99990"
"Medium","1000.00000","4999.99990"
"High","5000.00000","9999.99990"
"Very High","10000.00000","922337203685477.58070"
"Low","0.00000","999.99990"
"Medium","1000.00000","4999.99990"
"High","5000.00000","9999.99990"
"Very High","10000.00000","922337203685477.58070"
